Id|Codigo|Nombre
1|05001|MEDELLÍN
2|05002|ABEJORRAL
3|05004|ABRIAQUÍ
4|05021|ALEJANDRÍA
5|05030|AMAGÁ
6|05031|AMALFI
7|05034|ANDES
8|05036|ANGELÓPOLIS
9|05038|ANGOSTURA
10|05040|ANORÍ
11|05042|SANTA FÉ DE ANTIOQUIA
12|05044|ANZÁ
13|05045|APARTADÓ
14|05051|ARBOLETES
15|05055|ARGELIA
16|05059|ARMENIA
17|05079|BARBOSA
18|05086|BELMIRA
19|05088|BELLO
20|05091|BETANIA
21|05093|BETULIA
22|05101|CIUDAD BOLÍVAR
23|05107|BRICEÑO
24|05113|BURITICÁ
25|05120|CÁCERES
26|05125|CAICEDO
27|05129|CALDAS
28|05134|CAMPAMENTO
29|05138|CAÑASGORDAS
30|05142|CARACOLÍ
31|05145|CARAMANTA
32|05147|CAREPA
33|05148|EL CARMEN DE VIBORAL
34|05150|CAROLINA
35|05154|CAUCASIA
36|05172|CHIGORODÓ
37|05190|CISNEROS
38|05197|COCORNÁ
39|05206|CONCEPCIÓN
40|05209|CONCORDIA
41|05212|COPACABANA
42|05234|DABEIBA
43|05237|DONMATÍAS
44|05240|EBÉJICO
45|05250|EL BAGRE
46|05264|ENTRERRÍOS
47|05266|ENVIGADO
48|05282|FREDONIA
49|05284|FRONTINO
50|05306|GIRALDO
51|05308|GIRARDOTA
52|05310|GÓMEZ PLATA
53|05313|GRANADA
54|05315|GUADALUPE
55|05318|GUARNE
56|05321|GUATAPÉ
57|05347|HELICONIA
58|05353|HISPANIA
59|05360|ITAGÜÍ
60|05361|ITUANGO
61|05364|JARDÍN
62|05368|JERICÓ
63|05376|LA CEJA
64|05380|LA ESTRELLA
65|05390|LA PINTADA
66|05400|LA UNIÓN
67|05411|LIBORINA
68|05425|MACEO
69|05440|MARINILLA
70|05467|MONTEBELLO
71|05475|MURINDÓ
72|05480|MUTATÁ
73|05483|NARIÑO
74|05490|NECOCLÍ
75|05495|NECHÍ
76|05501|OLAYA
77|05541|PEÑOL
78|05543|PEQUE
79|05576|PUEBLORRICO
80|05579|PUERTO BERRÍO
81|05585|PUERTO NARE
82|05591|PUERTO TRIUNFO
83|05604|REMEDIOS
84|05607|RETIRO
85|05615|RIONEGRO
86|05628|SABANALARGA
87|05631|SABANETA
88|05642|SALGAR
89|05647|SAN ANDRÉS DE CUERQUÍA
90|05649|SAN CARLOS
91|05652|SAN FRANCISCO
92|05656|SAN JERÓNIMO
93|05658|SAN JOSÉ DE LA MONTAÑA
94|05659|SAN JUAN DE URABÁ
95|05660|SAN LUIS
96|05664|SAN PEDRO DE LOS MILAGROS
97|05665|SAN PEDRO DE URABÁ
98|05667|SAN RAFAEL
99|05670|SAN ROQUE
100|05674|SAN VICENTE FERRER
101|05679|SANTA BÁRBARA
102|05686|SANTA ROSA DE OSOS
103|05690|SANTO DOMINGO
104|05697|EL SANTUARIO
105|05736|SEGOVIA
106|05756|SONSÓN
107|05761|SOPETRÁN
108|05789|TÁMESIS
109|05790|TARAZÁ
110|05792|TARSO
111|05809|TITIRIBÍ
112|05819|TOLEDO
113|05837|TURBO
114|05842|URAMITA
115|05847|URRAO
116|05854|VALDIVIA
117|05856|VALPARAÍSO
118|05858|VEGACHÍ
119|05861|VENECIA
120|05873|VIGÍA DEL FUERTE
121|05885|YALÍ
122|05887|YARUMAL
123|05890|YOLOMBÓ
124|05893|YONDÓ
125|05895|ZARAGOZA
126|08001|BARRANQUILLA
127|08078|BARANOA
128|08137|CAMPO DE LA CRUZ
129|08141|CANDELARIA
130|08296|GALAPA
131|08372|JUAN DE ACOSTA
132|08421|LURUACO
133|08433|MALAMBO
134|08436|MANATÍ
135|08520|PALMAR DE VARELA
136|08549|PIOJÓ
137|08558|POLONUEVO
138|08560|PONEDERA
139|08573|PUERTO COLOMBIA
140|08606|REPELÓN
141|08634|SABANAGRANDE
142|08638|SABANALARGA
143|08675|SANTA LUCÍA
144|08685|SANTO TOMÁS
145|08758|SOLEDAD
146|08770|SUAN
147|08832|TUBARÁ
148|08849|USIACURÍ
149|11001|BOGOTÁ, D.C.
150|13001|CARTAGENA DE INDIAS
151|13006|ACHÍ
152|13030|ALTOS DEL ROSARIO
153|13042|ARENAL
154|13052|ARJONA
155|13062|ARROYOHONDO
156|13074|BARRANCO DE LOBA
157|13140|CALAMAR
158|13160|CANTAGALLO
159|13188|CICUCO
160|13212|CÓRDOBA
161|13222|CLEMENCIA
162|13244|EL CARMEN DE BOLÍVAR
163|13248|EL GUAMO
164|13268|EL PEÑÓN
165|13300|HATILLO DE LOBA
166|13430|MAGANGUÉ
167|13433|MAHATES
168|13440|MARGARITA
169|13442|MARÍA LA BAJA
170|13458|MONTECRISTO
171|13468|MOMPÓS
172|13473|MORALES
173|13490|0ROSÍ
174|13549|PINILLOS
175|13580|REGIDOR
176|13600|RÍO VIEJO
177|13620|SAN CRISTÓBAL
178|13647|SAN ESTANISLAO
179|13650|SAN FERNANDO
180|13654|SAN JACINTO
181|13655|SAN JACINTO DEL CAUCA
182|13657|SAN JUAN NEPOMUCENO
183|13667|SAN MARTÍN DE LOBA
184|13670|SAN PABLO
185|13673|SANTA CATALINA
186|13683|SANTA ROSA
187|13688|SANTA ROSA DEL SUR
188|13744|1MITÍ
189|13760|SOPLAVIENTO
190|13780|TALAIGUA NUEVO
191|13810|TIQUISIO
192|13836|TURBACO
193|13838|TURBANÁ
194|13873|VILLANUEVA
195|13894|ZAMBRANO
196|15001|TUNJA
197|15022|ALMEIDA
198|15047|AQUITANIA
199|15051|ARCABUCO
200|15087|BELÉN
201|15090|BERBEO
202|15092|BETÉITIVA
203|15097|BOAVITA
204|15104|BOYACÁ
205|15106|BRICEÑO
206|15109|BUENAVISTA
207|15114|BUSBANZÁ
208|15131|CALDAS
209|15135|CAMPOHERMOSO
210|15162|CERINZA
211|15172|CHINAVITA
212|15176|CHIQUINQUIRÁ
213|15180|CHISCAS
214|15183|CHITA
215|15185|CHITARAQUE
216|15187|CHIVATÁ
217|15189|CIÉNEGA
218|15204|CÓMBITA
219|15212|COPER
220|15215|CORRALES
221|15218|COVARACHÍA
222|15223|CUBARÁ
223|15224|CUCAITA
224|15226|CUÍTIVA
225|15232|CHÍQUIZA
226|15236|CHIVOR
227|15238|DUITAMA
228|15244|EL COCUY
229|15248|EL ESPINO
230|15272|FIRAVITOBA
231|15276|FLORESTA
232|15293|GACHANTIVÁ
233|15296|GÁMEZA
234|15299|GARAGOA
235|15317|GUACAMAYAS
236|15322|GUATEQUE
237|15325|GUAYATÁ
238|15332|GÜICÁN DE LA SIERRA
239|15362|IZA
240|15367|JENESANO
241|15368|JERICÓ
242|15377|LABRANZAGRANDE
243|15380|LA CAPILLA
244|15401|LA VICTORIA
245|15403|LA UVITA
246|15407|VILLA DE LEYVA
247|15425|MACANAL
248|15442|MARIPÍ
249|15455|MIRAFLORES
250|15464|MONGUA
251|15466|MONGUÍ
252|15469|MONIQUIRÁ
253|15476|MOTAVITA
254|15480|MUZO
255|15491|0BSA
256|15494|NUEVO COLÓN
257|15500|OICATÁ
258|15507|OTANCHE
259|15511|PACHAVITA
260|15514|PÁEZ
261|15516|PAIPA
262|15518|PAJARITO
263|15522|PANQUEBA
264|15531|PAUNA
265|15533|PAYA
266|15537|PAZ DE RÍO
267|15542|PESCA
268|15550|PISBA
269|15572|PUERTO BOYACÁ
270|15580|QUÍPAMA
271|15599|RAMIRIQUÍ
272|15600|RÁQUIRA
273|15621|RONDÓN
274|15632|SABOYÁ
275|15638|SÁCHICA
276|15646|SAMACÁ
277|15660|SAN EDUARDO
278|15664|SAN JOSÉ DE PARE
279|15667|SAN LUIS DE GACENO
280|15673|SAN MATEO
281|15676|SAN MIGUEL DE SEMA
282|15681|SAN PABLO DE BORBUR
283|15686|SANTANA
284|15690|SANTA MARÍA
285|15693|SANTA ROSA DE VITERBO
286|15696|SANTA SOFÍA
287|15720|SATIVANORTE
288|15723|SATIVASUR
289|15740|1ACHOQUE
290|15753|SOATÁ
291|15755|SOCOTÁ
292|15757|SOCHA
293|15759|SOGAMOSO
294|15761|SOMONDOCO
295|15762|SORA
296|15763|SOTAQUIRÁ
297|15764|SORACÁ
298|15774|SUSACÓN
299|15776|SUTAMARCHÁN
300|15778|SUTATENZA
301|15790|TASCO
302|15798|TENZA
303|15804|TIBANÁ
304|15806|TIBASOSA
305|15808|TINJACÁ
306|15810|TIPACOQUE
307|15814|TOCA
308|15816|TOGÜÍ
309|15820|TÓPAGA
310|15822|TOTA
311|15832|TUNUNGUÁ
312|15835|TURMEQUÉ
313|15837|TUTA
314|15839|TUTAZÁ
315|15842|ÚMBITA
316|15861|VENTAQUEMADA
317|15879|VIRACACHÁ
318|15897|ZETAQUIRA
319|17001|MANIZALES
320|17013|AGUADAS
321|17042|ANSERMA
322|17050|ARANZAZU
323|17088|BELALCÁZAR
324|17174|CHINCHINÁ
325|17272|FILADELFIA
326|17380|LA DORADA
327|17388|LA MERCED
328|17433|MANZANARES
329|17442|MARMATO
330|17444|MARQUETALIA
331|17446|MARULANDA
332|17486|NEIRA
333|17495|0RCASIA
334|17513|PÁCORA
335|17524|PALESTINA
336|17541|PENSILVANIA
337|17614|RIOSUCIO
338|17616|RISARALDA
339|17653|SALAMINA
340|17662|SAMANÁ
341|17665|SAN JOSÉ
342|17777|SUPÍA
343|17867|VICTORIA
344|17873|VILLAMARÍA
345|17877|VITERBO
346|18001|FLORENCIA
347|18029|ALBANIA
348|18094|BELÉN DE LOS ANDAQUÍES
349|18150|CARTAGENA DEL CHAIRÁ
350|18205|CURILLO
351|18247|EL DONCELLO
352|18256|EL PAUJÍL
353|18410|LA MONTAÑITA
354|18460|MILÁN
355|18479|MORELIA
356|18592|PUERTO RICO
357|18610|SAN JOSÉ DEL FRAGUA
358|18753|SAN VICENTE DEL CAGUÁN
359|18756|SOLANO
360|18785|SOLITA
361|18860|VALPARAÍSO
362|19001|POPAYÁN
363|19022|ALMAGUER
364|19050|ARGELIA
365|19075|BALBOA
366|19100|BOLÍVAR
367|19110|BUENOS AIRES
368|19130|CAJIBÍO
369|19137|CALDONO
370|19142|CALOTO
371|19212|CORINTO
372|19256|EL TAMBO
373|19290|FLORENCIA
374|19300|GUACHENÉ
375|19318|GUAPÍ
376|19355|INZÁ
377|19364|JAMBALÓ
378|19392|LA SIERRA
379|19397|LA VEGA
380|19418|LÓPEZ DE MICAY
381|19450|MERCADERES
382|19455|MIRANDA
383|19473|MORALES
384|19513|PADILLA
385|19517|PÁEZ
386|19532|PATÍA
387|19533|PIAMONTE
388|19548|PIENDAMÓ - TUNÍA
389|19573|PUERTO TEJADA
390|19585|PURACÉ
391|19622|ROSAS
392|19693|SAN SEBASTIÁN
393|19698|SANTANDER DE QUILICHAO
394|19701|SANTA ROSA
395|19743|1LVIA
396|19760|SOTARA
397|19780|SUÁREZ
398|19785|SUCRE
399|19807|TIMBÍO
400|19809|TIMBIQUÍ
401|19821|TORIBÍO
402|19824|TOTORÓ
403|19845|VILLA RICA
404|20001|VALLEDUPAR
405|20011|AGUACHICA
406|20013|AGUSTÍN CODAZZI
407|20032|ASTREA
408|20045|BECERRIL
409|20060|BOSCONIA
410|20175|CHIMICHAGUA
411|20178|CHIRIGUANÁ
412|20228|CURUMANÍ
413|20238|EL COPEY
414|20250|EL PASO
415|20295|GAMARRA
416|20310|GONZÁLEZ
417|20383|LA GLORIA
418|20400|LA JAGUA DE IBIRICO
419|20443|MANAURE BALCÓN DEL CESAR
420|20517|PAILITAS
421|20550|PELAYA
422|20570|PUEBLO BELLO
423|20614|RÍO DE ORO
424|20621|LA PAZ
425|20710|SAN ALBERTO
426|20750|SAN DIEGO
427|20770|SAN MARTÍN
428|20787|TAMALAMEQUE
429|23001|MONTERÍA
430|23068|AYAPEL
431|23079|BUENAVISTA
432|23090|CANALETE
433|23162|CERETÉ
434|23168|CHIMÁ
435|23182|CHINÚ
436|23189|CIÉNAGA DE ORO
437|23300|COTORRA
438|23350|LA APARTADA
439|23417|LORICA
440|23419|LOS CÓRDOBAS
441|23464|MOMIL
442|23466|MONTELÍBANO
443|23500|MOÑITOS
444|23555|PLANETA RICA
445|23570|PUEBLO NUEVO
446|23574|PUERTO ESCONDIDO
447|23580|PUERTO LIBERTADOR
448|23586|PURÍSIMA DE LA CONCEPCIÓN
449|23660|SAHAGÚN
450|23670|SAN ANDRÉS DE SOTAVENTO
451|23672|SAN ANTERO
452|23675|SAN BERNARDO DEL VIENTO
453|23678|SAN CARLOS
454|23682|SAN JOSÉ DE URÉ
455|23686|SAN PELAYO
456|23807|TIERRALTA
457|23815|TUCHÍN
458|23855|VALENCIA
459|25001|AGUA DE DIOS
460|25019|ALBÁN
461|25035|ANAPOIMA
462|25040|ANOLAIMA
463|25053|ARBELÁEZ
464|25086|BELTRÁN
465|25095|BITUIMA
466|25099|BOJACÁ
467|25120|CABRERA
468|25123|CACHIPAY
469|25126|CAJICÁ
470|25148|CAPARRAPÍ
471|25151|CÁQUEZA
472|25154|CARMEN DE CARUPA
473|25168|CHAGUANÍ
474|25175|CHÍA
475|25178|CHIPAQUE
476|25181|CHOACHÍ
477|25183|CHOCONTÁ
478|25200|COGUA
479|25214|COTA
480|25224|CUCUNUBÁ
481|25245|EL COLEGIO
482|25258|EL PEÑÓN
483|25260|EL ROSAL
484|25269|FACATATIVÁ
485|25279|FÓMEQUE
486|25281|FOSCA
487|25286|FUNZA
488|25288|FÚQUENE
489|25290|FUSAGASUGÁ
490|25293|GACHALÁ
491|25295|GACHANCIPÁ
492|25297|GACHETÁ
493|25299|GAMA
494|25307|GIRARDOT
495|25312|GRANADA
496|25317|GUACHETÁ
497|25320|GUADUAS
498|25322|GUASCA
499|25324|GUATAQUÍ
500|25326|GUATAVITA
501|25328|GUAYABAL DE SÍQUIMA
502|25335|GUAYABETAL
503|25339|GUTIÉRREZ
504|25368|JERUSALÉN
505|25372|JUNÍN
506|25377|LA CALERA
507|25386|LA MESA
508|25394|LA PALMA
509|25398|LA PEÑA
510|25402|LA VEGA
511|25407|LENGUAZAQUE
512|25426|MACHETÁ
513|25430|MADRID
514|25436|MANTA
515|25438|MEDINA
516|25473|MOSQUERA
517|25483|NARIÑO
518|25486|NEMOCÓN
519|25488|NILO
520|25489|NIMAIMA
521|25491|0CAIMA
522|25506|VENECIA
523|25513|PACHO
524|25518|PAIME
525|25524|PANDI
526|25530|PARATEBUENO
527|25535|PASCA
528|25572|PUERTO SALGAR
529|25580|PULÍ
530|25592|QUEBRADANEGRA
531|25594|QUETAME
532|25596|QUIPILE
533|25599|APULO
534|25612|RICAURTE
535|25645|SAN ANTONIO DEL TEQUENDAMA
536|25649|SAN BERNARDO
537|25653|SAN CAYETANO
538|25658|SAN FRANCISCO
539|25662|SAN JUAN DE RIOSECO
540|25718|SASAIMA
541|25736|SESQUILÉ
542|25740|1BATÉ
543|25743|1LVANIA
544|25745|1MIJACA
545|25754|SOACHA
546|25758|SOPÓ
547|25769|SUBACHOQUE
548|25772|SUESCA
549|25777|SUPATÁ
550|25779|SUSA
551|25781|SUTATAUSA
552|25785|TABIO
553|25793|TAUSA
554|25797|TENA
555|25799|TENJO
556|25805|TIBACUY
557|25807|TIBIRITA
558|25815|TOCAIMA
559|25817|TOCANCIPÁ
560|25823|TOPAIPÍ
561|25839|UBALÁ
562|25841|UBAQUE
563|25843|VILLA DE SAN DIEGO DE UBATÉ
564|25845|UNE
565|25851|ÚTICA
566|25862|VERGARA
567|25867|VIANÍ
568|25871|VILLAGÓMEZ
569|25873|VILLAPINZÓN
570|25875|VILLETA
571|25878|VIOTÁ
572|25885|YACOPÍ
573|25898|ZIPACÓN
574|25899|ZIPAQUIRÁ
575|27001|QUIBDÓ
576|27006|ACANDÍ
577|27025|ALTO BAUDÓ
578|27050|ATRATO
579|27073|BAGADÓ
580|27075|BAHÍA SOLANO
581|27077|BAJO BAUDÓ
582|27086|Belén De Bajira
583|27099|BOJAYÁ
584|27135|EL CANTÓN DEL SAN PABLO
585|27150|CARMEN DEL DARIÉN
586|27160|CÉRTEGUI
587|27205|CONDOTO
588|27245|EL CARMEN DE ATRATO
589|27250|EL LITORAL DEL SAN JUAN
590|27361|ISTMINA
591|27372|JURADÓ
592|27413|LLORÓ
593|27425|MEDIO ATRATO
594|27430|MEDIO BAUDÓ
595|27450|MEDIO SAN JUAN
596|27491|NÓVITA
597|27495|NUQUÍ
598|27580|RÍO IRÓ
599|27600|RÍO QUITO
600|27615|RIOSUCIO
601|27660|SAN JOSÉ DEL PALMAR
602|27745|1PÍ
603|27787|TADÓ
604|27800|UNGUÍA
605|27810|UNIÓN PANAMERICANA
606|41001|NEIVA
607|41006|ACEVEDO
608|41013|AGRADO
609|41016|AIPE
610|41020|ALGECIRAS
611|41026|ALTAMIRA
612|41078|BARAYA
613|41132|CAMPOALEGRE
614|41206|COLOMBIA
615|41244|ELÍAS
616|41298|GARZÓN
617|41306|GIGANTE
618|41319|GUADALUPE
619|41349|HOBO
620|41357|ÍQUIRA
621|41359|ISNOS
622|41378|LA ARGENTINA
623|41396|LA PLATA
624|41483|NÁTAGA
625|41503|OPORAPA
626|41518|PAICOL
627|41524|PALERMO
628|41530|PALESTINA
629|41548|PITAL
630|41551|PITALITO
631|41615|RIVERA
632|41660|SALADOBLANCO
633|41668|SAN AGUSTÍN
634|41676|SANTA MARÍA
635|41770|SUAZA
636|41791|TARQUI
637|41797|TESALIA
638|41799|TELLO
639|41801|TERUEL
640|41807|TIMANÁ
641|41872|VILLAVIEJA
642|41885|YAGUARÁ
643|44001|RIOHACHA
644|44035|ALBANIA
645|44078|BARRANCAS
646|44090|DIBULLA
647|44098|DISTRACCIÓN
648|44110|EL MOLINO
649|44279|FONSECA
650|44378|HATONUEVO
651|44420|LA JAGUA DEL PILAR
652|44430|MAICAO
653|44560|MANAURE
654|44650|SAN JUAN DEL CESAR
655|44847|URIBIA
656|44855|URUMITA
657|44874|VILLANUEVA
658|47001|SANTA MARTA
659|47030|ALGARROBO
660|47053|ARACATACA
661|47058|ARIGUANÍ
662|47161|CERRO DE SAN ANTONIO
663|47170|CHIVOLO
664|47189|CIÉNAGA
665|47205|CONCORDIA
666|47245|EL BANCO
667|47258|EL PIÑÓN
668|47268|EL RETÉN
669|47288|FUNDACIÓN
670|47318|GUAMAL
671|47460|NUEVA GRANADA
672|47541|PEDRAZA
673|47545|PIJIÑO DEL CARMEN
674|47551|PIVIJAY
675|47555|PLATO
676|47570|PUEBLOVIEJO
677|47605|REMOLINO
678|47660|SABANAS DE SAN ÁNGEL
679|47675|SALAMINA
680|47692|SAN SEBASTIÁN DE BUENAVISTA
681|47703|SAN ZENÓN
682|47707|SANTA ANA
683|47720|SANTA BÁRBARA DE PINTO
684|47745|1TIONUEVO
685|47798|TENERIFE
686|47960|ZAPAYÁN
687|47980|ZONA BANANERA
688|50001|VILLAVICENCIO
689|50006|ACACÍAS
690|50110|BARRANCA DE UPÍA
691|50124|CABUYARO
692|50150|CASTILLA LA NUEVA
693|50223|CUBARRAL
694|50226|CUMARAL
695|50245|EL CALVARIO
696|50251|EL CASTILLO
697|50270|EL DORADO
698|50287|FUENTE DE ORO
699|50313|GRANADA
700|50318|GUAMAL
701|50325|MAPIRIPÁN
702|50330|MESETAS
703|50350|LA MACARENA
704|50370|URIBE
705|50400|LEJANÍAS
706|50450|PUERTO CONCORDIA
707|50568|PUERTO GAITÁN
708|50573|PUERTO LÓPEZ
709|50577|PUERTO LLERAS
710|50590|PUERTO RICO
711|50606|RESTREPO
712|50680|SAN CARLOS DE GUAROA
713|50683|SAN JUAN DE ARAMA
714|50686|SAN JUANITO
715|50689|SAN MARTÍN
716|50711|VISTAHERMOSA
717|52001|PASTO
718|52019|ALBÁN
719|52022|ALDANA
720|52036|ANCUYÁ
721|52051|ARBOLEDA
722|52079|BARBACOAS
723|52083|BELÉN
724|52110|BUESACO
725|52203|COLÓN
726|52207|CONSACÁ
727|52210|CONTADERO
728|52215|CÓRDOBA
729|52224|CUASPÚD
730|52227|CUMBAL
731|52233|CUMBITARA
732|52240|CHACHAGÜÍ
733|52250|EL CHARCO
734|52254|EL PEÑOL
735|52256|EL ROSARIO
736|52258|EL TABLÓN DE GÓMEZ
737|52260|EL TAMBO
738|52287|FUNES
739|52317|GUACHUCAL
740|52320|GUAITARILLA
741|52323|GUALMATÁN
742|52352|ILES
743|52354|IMUÉS
744|52356|IPIALES
745|52378|LA CRUZ
746|52381|LA FLORIDA
747|52385|LA LLANADA
748|52390|LA TOLA
749|52399|LA UNIÓN
750|52405|LEIVA
751|52411|LINARES
752|52418|LOS ANDES
753|52427|MAGÜÍ
754|52435|MALLAMA
755|52473|MOSQUERA
756|52480|NARIÑO
757|52490|OLAYA HERRERA
758|52506|OSPINA
759|52520|FRANCISCO PIZARRO
760|52540|POLICARPA
761|52560|POTOSÍ
762|52565|PROVIDENCIA
763|52573|PUERRES
764|52585|PUPIALES
765|52612|RICAURTE
766|52621|ROBERTO PAYÁN
767|52678|SAMANIEGO
768|52683|SANDONÁ
769|52685|SAN BERNARDO
770|52687|SAN LORENZO
771|52693|SAN PABLO
772|52694|SAN PEDRO DE CARTAGO
773|52696|SANTA BÁRBARA
774|52699|SANTACRUZ
775|52720|SAPUYES
776|52786|TAMINANGO
777|52788|TANGUA
778|52835|SAN ANDRÉS DE TUMACO
779|52838|TÚQUERRES
780|52885|YACUANQUER
781|54001|SAN JOSÉ DE CÚCUTA
782|54003|ÁBREGO
783|54051|ARBOLEDAS
784|54099|BOCHALEMA
785|54109|BUCARASICA
786|54125|CÁCOTA
787|54128|CÁCHIRA
788|54172|CHINÁCOTA
789|54174|CHITAGÁ
790|54206|CONVENCIÓN
791|54223|CUCUTILLA
792|54239|DURANIA
793|54245|EL CARMEN
794|54250|EL TARRA
795|54261|EL ZULIA
796|54313|GRAMALOTE
797|54344|HACARÍ
798|54347|HERRÁN
799|54377|LABATECA
800|54385|LA ESPERANZA
801|54398|LA PLAYA
802|54405|LOS PATIOS
803|54418|LOURDES
804|54480|MUTISCUA
805|54498|OCAÑA
806|54518|PAMPLONA
807|54520|PAMPLONITA
808|54553|PUERTO SANTANDER
809|54599|RAGONVALIA
810|54660|SALAZAR
811|54670|SAN CALIXTO
812|54673|SAN CAYETANO
813|54680|SANTIAGO
814|54720|SARDINATA
815|54743|1LOS
816|54800|TEORAMA
817|54810|TIBÚ
818|54820|TOLEDO
819|54871|VILLA CARO
820|54874|VILLA DEL ROSARIO
821|63001|ARMENIA
822|63111|BUENAVISTA
823|63130|CALARCÁ
824|63190|CIRCASIA
825|63212|CÓRDOBA
826|63272|FILANDIA
827|63302|GÉNOVA
828|63401|LA TEBAIDA
829|63470|MONTENEGRO
830|63548|PIJAO
831|63594|QUIMBAYA
832|63690|SALENTO
833|66001|PEREIRA
834|66045|APÍA
835|66075|BALBOA
836|66088|BELÉN DE UMBRÍA
837|66170|DOSQUEBRADAS
838|66318|GUÁTICA
839|66383|LA CELIA
840|66400|LA VIRGINIA
841|66440|MARSELLA
842|66456|MISTRATÓ
843|66572|PUEBLO RICO
844|66594|QUINCHÍA
845|66682|SANTA ROSA DE CABAL
846|66687|SANTUARIO
847|68001|BUCARAMANGA
848|68013|AGUADA
849|68020|ALBANIA
850|68051|ARATOCA
851|68077|BARBOSA
852|68079|BARICHARA
853|68081|BARRANCABERMEJA
854|68092|BETULIA
855|68101|BOLÍVAR
856|68121|CABRERA
857|68132|CALIFORNIA
858|68147|CAPITANEJO
859|68152|CARCASÍ
860|68160|CEPITÁ
861|68162|CERRITO
862|68167|CHARALÁ
863|68169|CHARTA
864|68176|CHIMA
865|68179|CHIPATÁ
866|68190|CIMITARRA
867|68207|CONCEPCIÓN
868|68209|CONFINES
869|68211|CONTRATACIÓN
870|68217|COROMORO
871|68229|CURITÍ
872|68235|EL CARMEN DE CHUCURÍ
873|68245|EL GUACAMAYO
874|68250|EL PEÑÓN
875|68255|EL PLAYÓN
876|68264|ENCINO
877|68266|ENCISO
878|68271|FLORIÁN
879|68276|FLORIDABLANCA
880|68296|GALÁN
881|68298|GÁMBITA
882|68307|GIRÓN
883|68318|GUACA
884|68320|GUADALUPE
885|68322|GUAPOTÁ
886|68324|GUAVATÁ
887|68327|GÜEPSA
888|68344|HATO
889|68368|JESÚS MARÍA
890|68370|JORDÁN
891|68377|LA BELLEZA
892|68385|LANDÁZURI
893|68397|LA PAZ
894|68406|LEBRIJA
895|68418|LOS SANTOS
896|68425|MACARAVITA
897|68432|MÁLAGA
898|68444|MATANZA
899|68464|MOGOTES
900|68468|MOLAGAVITA
901|68498|OCAMONTE
902|68500|OIBA
903|68502|ONZAGA
904|68522|PALMAR
905|68524|PALMAS DEL SOCORRO
906|68533|PÁRAMO
907|68547|PIEDECUESTA
908|68549|PINCHOTE
909|68572|PUENTE NACIONAL
910|68573|PUERTO PARRA
911|68575|PUERTO WILCHES
912|68615|RIONEGRO
913|68655|SABANA DE TORRES
914|68669|SAN ANDRÉS
915|68673|SAN BENITO
916|68679|SAN GIL
917|68682|SAN JOAQUÍN
918|68684|SAN JOSÉ DE MIRANDA
919|68686|SAN MIGUEL
920|68689|SAN VICENTE DE CHUCURÍ
921|68705|SANTA BÁRBARA
922|68720|SANTA HELENA DEL OPÓN
923|68745|1MACOTA
924|68755|SOCORRO
925|68770|SUAITA
926|68773|SUCRE
927|68780|SURATÁ
928|68820|TONA
929|68855|VALLE DE SAN JOSÉ
930|68861|VÉLEZ
931|68867|VETAS
932|68872|VILLANUEVA
933|68895|ZAPATOCA
934|70001|1NCELEJO
935|70110|BUENAVISTA
936|70124|CAIMITO
937|70204|COLOSÓ
938|70215|COROZAL
939|70221|COVEÑAS
940|70230|CHALÁN
941|70233|EL ROBLE
942|70235|GALERAS
943|70265|GUARANDA
944|70400|LA UNIÓN
945|70418|LOS PALMITOS
946|70429|MAJAGUAL
947|70473|MORROA
948|70508|OVEJAS
949|70523|PALMITO
950|70670|SAMPUÉS
951|70678|SAN BENITO ABAD
952|70702|SAN JUAN DE BETULIA
953|70708|SAN MARCOS
954|70713|SAN ONOFRE
955|70717|SAN PEDRO
956|70742|SAN LUIS DE SINCÉ
957|70771|SUCRE
958|70820|SANTIAGO DE TOLÚ
959|70823|TOLÚ VIEJO
960|73001|IBAGUÉ
961|73024|ALPUJARRA
962|73026|ALVARADO
963|73030|AMBALEMA
964|73043|ANZOÁTEGUI
965|73055|ARMERO
966|73067|ATACO
967|73124|CAJAMARCA
968|73148|CARMEN DE APICALÁ
969|73152|CASABIANCA
970|73168|CHAPARRAL
971|73200|COELLO
972|73217|COYAIMA
973|73226|CUNDAY
974|73236|DOLORES
975|73268|ESPINAL
976|73270|FALAN
977|73275|FLANDES
978|73283|FRESNO
979|73319|GUAMO
980|73347|HERVEO
981|73349|HONDA
982|73352|ICONONZO
983|73408|LÉRIDA
984|73411|LÍBANO
985|73443|SAN SEBASTIÁN DE MARIQUITA
986|73449|MELGAR
987|73461|MURILLO
988|73483|NATAGAIMA
989|73504|ORTEGA
990|73520|PALOCABILDO
991|73547|PIEDRAS
992|73555|PLANADAS
993|73563|PRADO
994|73585|PURIFICACIÓN
995|73616|RIOBLANCO
996|73622|RONCESVALLES
997|73624|ROVIRA
998|73671|SALDAÑA
999|73675|SAN ANTONIO
1000|73678|SAN LUIS
1001|73686|SANTA ISABEL
1002|73770|SUÁREZ
1003|73854|VALLE DE SAN JUAN
1004|73861|VENADILLO
1005|73870|VILLAHERMOSA
1006|73873|VILLARRICA
1007|76001|CALI
1008|76020|ALCALÁ
1009|76036|ANDALUCÍA
1010|76041|ANSERMANUEVO
1011|76054|ARGELIA
1012|76100|BOLÍVAR
1013|76109|BUENAVENTURA
1014|76111|GUADALAJARA DE BUGA
1015|76113|BUGALAGRANDE
1016|76122|CAICEDONIA
1017|76126|CALIMA
1018|76130|CANDELARIA
1019|76147|CARTAGO
1020|76233|DAGUA
1021|76243|EL ÁGUILA
1022|76246|EL CAIRO
1023|76248|EL CERRITO
1024|76250|EL DOVIO
1025|76275|FLORIDA
1026|76306|GINEBRA
1027|76318|GUACARÍ
1028|76364|JAMUNDÍ
1029|76377|LA CUMBRE
1030|76400|LA UNIÓN
1031|76403|LA VICTORIA
1032|76497|OBANDO
1033|76520|PALMIRA
1034|76563|PRADERA
1035|76606|RESTREPO
1036|76616|RIOFRÍO
1037|76622|ROLDANILLO
1038|76670|SAN PEDRO
1039|76736|SEVILLA
1040|76823|TORO
1041|76828|TRUJILLO
1042|76834|TULUÁ
1043|76845|ULLOA
1044|76863|VERSALLES
1045|76869|VIJES
1046|76890|YOTOCO
1047|76892|YUMBO
1048|76895|ZARZAL
1049|81001|ARAUCA
1050|81065|ARAUQUITA
1051|81220|CRAVO NORTE
1052|81300|FORTUL
1053|81591|PUERTO RONDÓN
1054|81736|SARAVENA
1055|81794|TAME
1056|85001|YOPAL
1057|85010|AGUAZUL
1058|85015|CHÁMEZA
1059|85125|HATO COROZAL
1060|85136|LA SALINA
1061|85139|MANÍ
1062|85162|MONTERREY
1063|85225|NUNCHÍA
1064|85230|OROCUÉ
1065|85250|PAZ DE ARIPORO
1066|85263|PORE
1067|85279|RECETOR
1068|85300|SABANALARGA
1069|85315|SÁCAMA
1070|85325|SAN LUIS DE PALENQUE
1071|85400|TÁMARA
1072|85410|TAURAMENA
1073|85430|TRINIDAD
1074|85440|VILLANUEVA
1075|86001|MOCOA
1076|86219|COLÓN
1077|86320|ORITO
1078|86568|PUERTO ASÍS
1079|86569|PUERTO CAICEDO
1080|86571|PUERTO GUZMÁN
1081|86573|PUERTO LEGUÍZAMO
1082|86749|1BUNDOY
1083|86755|SAN FRANCISCO
1084|86757|SAN MIGUEL
1085|86760|SANTIAGO
1086|86865|VALLE DEL GUAMUEZ
1087|86885|VILLAGARZÓN
1088|88001|SAN ANDRÉS
1089|88564|PROVIDENCIA
1090|91001|LETICIA
1091|91263|EL ENCANTO
1092|91405|LA CHORRERA
1093|91407|LA PEDRERA
1094|91430|LA VICTORIA
1095|91460|MIRITÍ - PARANÁ
1096|91530|PUERTO ALEGRÍA
1097|91536|PUERTO ARICA
1098|91540|PUERTO NARIÑO
1099|91669|PUERTO SANTANDER
1100|91798|TARAPACÁ
1101|94001|INÍRIDA
1102|94343|BARRANCO MINAS
1103|94663|MAPIRIPANA
1104|94883|SAN FELIPE
1105|94884|PUERTO COLOMBIA
1106|94885|LA GUADALUPE
1107|94886|CACAHUAL
1108|94887|PANA PANA
1109|94888|MORICHAL
1110|95001|SAN JOSÉ DEL GUAVIARE
1111|95015|CALAMAR
1112|95025|EL RETORNO
1113|95200|MIRAFLORES
1114|97001|MITÚ
1115|97161|CARURÚ
1116|97511|PACOA
1117|97666|TARAIRA
1118|97777|PAPUNAHUA
1119|97889|YAVARATÉ
1120|99001|PUERTO CARREÑO
1121|99524|LA PRIMAVERA
1122|99624|SANTA ROSALÍA
1123|99773|CUMARIBO
